<meta>
    <oop>true</oop>
    <info author="vitingabrielps" version="1.0" name="NXAC" type="script"/>

    <script src="config.lua" type="server"/>

    <script src="main/server.lua" type="server"/>
    <script src="main/client.lua" type="client" cache="false"/>

    <script src="modules/server.lua" type="server"/>
    <script src="modules/client.lua" type="client" cache="false"/>

    <script src="utils/server.lua" type="server"/>
    <script src="utils/client.lua" type="client" cache="false"/>

    <script src="commands/server.lua" type="server"/>

    <file src="lib/index.html"/>

    <export function="getResourceAcState" type="client"/>
    <export function="applyPunish" type="server"/>
    <export function="applyUnpunish" type="server"/>
    <export function="screenshot" type="server"/>

    <download_priority_group>9999999</download_priority_group>
    <min_mta_version client="1.5.4-9.11342" server="1.5.4-9.11342"/>
</meta>